{
  "calibration_version": "v1",
  "saved_at": "2026-06-12T15:54:31.837368",
  "mouth": {
    "mar_baseline": 0.035867584556504586,
    "activation_threshold": 0.11586758455650459,
    "mouth_success_rate": 1.0,
    "activation_amplitude_mean": 0.7832390162326391,
    "activation_duration_mean": 2.4063740253448485,
    "open_close_speed_mean": 0.32548515234259817,
    "mouth_consistency": 0.9114539221089102,
    "mouth_contrast_ratio": 21.83696019448287,
    "mouth_false_trigger_rate": 0.4,
    "amplitude_decay": 0.00447079404899516,
    "mouth_min_hold_duration": 1.2031870126724242,
    "mouth_init_score": 1.0,
    "total_trials": 5,
    "success_count": 5,
    "false_trigger_count": 2
  }
}