{
  "calibration_version": "v1",
  "saved_at": "2026-06-12T16:40:52.440151",
  "mouth": {
    "mar_baseline": 0.023786863653813918,
    "activation_threshold": 0.10378686365381393,
    "mouth_success_rate": 1.0,
    "activation_amplitude_mean": 1.1315965793269043,
    "activation_duration_mean": 2.590582513809204,
    "open_close_speed_mean": 0.4368116334047973,
    "mouth_consistency": 0.804453334297712,
    "mouth_contrast_ratio": 47.57233218282929,
    "mouth_false_trigger_rate": 0.0,
    "amplitude_decay": 0.19428525234438124,
    "mouth_min_hold_duration": 1.295291256904602,
    "mouth_init_score": 1.0,
    "total_trials": 5,
    "success_count": 5,
    "false_trigger_count": 0
  }
}