{
  "calibration_version": "v1",
  "saved_at": "2026-06-12T16:07:19.726187",
  "mouth": {
    "mar_baseline": 0.002164523187776775,
    "activation_threshold": 0.08216452318777678,
    "mouth_success_rate": 1.0,
    "activation_amplitude_mean": 0.7828368517058149,
    "activation_duration_mean": 2.381583595275879,
    "open_close_speed_mean": 0.32870433490499934,
    "mouth_consistency": 0.6084497862979326,
    "mouth_contrast_ratio": 361.6671127047996,
    "mouth_false_trigger_rate": 0.6,
    "amplitude_decay": 0.0,
    "mouth_min_hold_duration": 1.1907917976379394,
    "mouth_init_score": 1.0,
    "total_trials": 5,
    "success_count": 5,
    "false_trigger_count": 3
  }
}